{
  "metadata": {
    "type": "labse",
    "computed_at": "2025-12-08T05:11:27.151381"
  },
  "results": {
    "gl-pt": 0.9306392073631287,
    "ru-uk": 0.922439455986023,
    "pt-ro": 0.9223616123199463,
    "gl-it": 0.9041390419006348,
    "en-de": 0.8784381747245789,
    "ko-ja": 0.865964949131012,
    "ja-zh": 0.8265738487243652,
    "ko-zh": 0.8216617703437805,
    "en-fr": 0.8988953232765198,
    "en-es": 0.8850480318069458,
    "en-ru": 0.8609537482261658,
    "en-ko": 0.8531604409217834,
    "en-ja": 0.8438863754272461,
    "en-zh": 0.856594979763031,
    "en-ar": 0.8814370632171631
  }
}