{
  "metadata": {
    "type": "labse",
    "model": "sentence-transformers/LaBSE",
    "pooling": "none",
    "similarity_fn": "cosine",
    "computed_at": "2025-12-04T17:08:01.995680"
  },
  "results": {
    "es-fr": 0.9073648452758789,
    "de-en": 0.8784381747245789,
    "ko-ja": 0.865964949131012,
    "ja-zh": 0.8265738487243652,
    "ko-zh": 0.8216617703437805,
    "en-ko": 0.8531604409217834,
    "en-ja": 0.8438863754272461,
    "en-zh": 0.856594979763031,
    "en-fr": 0.8988953232765198,
    "en-es": 0.8850480318069458,
    "en-ar": 0.8814370632171631,
    "ar-zh": 0.8350103497505188
  }
}