{
  "metadata": {
    "type": "mdeberta",
    "computed_at": "2025-12-08T05:10:31.486829"
  },
  "results": {
    "gl-pt": 0.9733937382698059,
    "ru-uk": 0.9745569229125977,
    "pt-ro": 0.9679864048957825,
    "gl-it": 0.9669686555862427,
    "en-de": 0.9522810578346252,
    "ko-ja": 0.9152482748031616,
    "ja-zh": 0.9721581935882568,
    "ko-zh": 0.8935796022415161,
    "en-fr": 0.9184533357620239,
    "en-es": 0.9466936588287354,
    "en-ru": 0.9260458946228027,
    "en-ko": 0.9387860298156738,
    "en-ja": 0.8941426277160645,
    "en-zh": 0.8754239082336426,
    "en-ar": 0.9291698336601257
  }
}