{
  "metadata": {
    "type": "mdeberta",
    "model": "microsoft/mdeberta-v3-base",
    "pooling": "mean",
    "similarity_fn": "cosine",
    "computed_at": "2025-12-04T17:07:04.342016"
  },
  "results": {
    "es-fr": 0.9635287523269653,
    "de-en": 0.9522810578346252,
    "ko-ja": 0.9152482748031616,
    "ja-zh": 0.9721581935882568,
    "ko-zh": 0.8935796022415161,
    "en-ko": 0.9387860298156738,
    "en-ja": 0.8941426277160645,
    "en-zh": 0.8754239082336426,
    "en-fr": 0.9184533357620239,
    "en-es": 0.9466936588287354,
    "en-ar": 0.9291698336601257,
    "ar-zh": 0.8105430006980896
  }
}