{
  "metadata": {
    "type": "script",
    "computed_at": "2025-12-08T05:11:45.994312"
  },
  "results": {
    "gl-pt": 0.8333333333333334,
    "ru-uk": 0.84375,
    "pt-ro": 0.775,
    "gl-it": 0.8348623853211009,
    "en-de": 0.8545454545454545,
    "ko-ja": 0.027402402402402402,
    "ja-zh": 0.3118131868131868,
    "ko-zh": 0.02589514066496164,
    "en-fr": 0.7948717948717948,
    "en-es": 0.8165137614678899,
    "en-ru": 0.5185185185185185,
    "en-ko": 0.08100558659217877,
    "en-ja": 0.042352941176470586,
    "en-zh": 0.04033379694019471,
    "en-ar": 0.44936708860759494
  }
}