{
  "metadata": {
    "type": "uriel",
    "computed_at": "2025-12-08T05:12:07.841381"
  },
  "results": {
    "gl-pt": 0.8677370138446145,
    "ru-uk": 0.9029898368277256,
    "pt-ro": 0.8700279025141459,
    "gl-it": 0.8686040068387462,
    "en-de": 0.8191962395567441,
    "ko-ja": 0.7384236071245942,
    "ja-zh": 0.6653536832815835,
    "ko-zh": 0.6961653502771944,
    "en-fr": 0.7679881673845753,
    "en-es": 0.7331304412226856,
    "en-ru": 0.7331304412226856,
    "en-ko": 0.6450494288062961,
    "en-ja": 0.5877301025809517,
    "en-zh": 0.7048897875255705,
    "en-ar": 0.679665516985521
  }
}