{
  "metadata": {
    "stage": "baseline",
    "metric": "comet",
    "model": "facebook/nllb-200-distilled-600M",
    "computed_at": "2025-12-08T09:05:38.809982"
  },
  "results": {
    "gl-pt": 0.8726325969215438,
    "ru-uk": 0.9013153149970906,
    "pt-ro": 0.8706752636981576,
    "gl-it": 0.8609251443576436,
    "en-de": 0.8585961010204002,
    "ko-ja": 0.8443795977226595,
    "ja-zh": 0.7987586531361102,
    "ko-zh": 0.7948813395714571,
    "en-fr": 0.8693753359876132,
    "en-es": 0.8541931426631132,
    "en-ru": 0.870428891315055,
    "en-ko": 0.872441969487978,
    "en-ja": 0.8663496120792368,
    "en-zh": 0.794999861140025,
    "en-ar": 0.8492091172650869
  }
}