{
  "metadata": {
    "stage": "baseline",
    "metric": "comet",
    "model": "facebook/mbart-large-50-many-to-many-mmt",
    "computed_at": "2025-12-04T03:04:24.514648"
  },
  "results": {
    "es-fr": 0.6743769695606863,
    "de-en": 0.8779558719029068,
    "ko-ja": 0.7300744142839796,
    "ja-zh": 0.6358798327653304,
    "ko-zh": 0.6206484392815428,
    "en-ko": 0.8570209589046923,
    "en-ja": 0.8750813353968703,
    "en-zh": 0.8440879613691168,
    "en-fr": 0.8552776622501287,
    "en-es": 0.7991760787756547,
    "en-ar": 0.8131001710950622,
    "ar-zh": 0.5993385614142588
  }
}