{
  "metadata": {
    "stage": "baseline",
    "metric": "comet",
    "model": "facebook/mbart-large-50-many-to-many-mmt",
    "computed_at": "2025-12-03T06:02:00.113044"
  },
  "results": {
    "es-fr": -0.13361333468247927,
    "de-en": 0.7072826452321362,
    "ko-ja": -0.14879694726712,
    "ja-zh": -0.4064092120107838,
    "ko-zh": -0.40789129615949077,
    "en-ko": 0.5208655137314715,
    "en-ja": 0.5036320076057165,
    "en-zh": 0.508609390947342,
    "en-fr": 0.7078545133347656,
    "en-es": 0.4275031713271889,
    "en-ar": 0.39946886482961447,
    "ar-zh": -0.5015741073298213
  }
}