{
  "metadata": {
    "stage": "baseline",
    "metric": "chrf",
    "model": "facebook/nllb-200-distilled-600M",
    "computed_at": "2025-12-08T09:05:38.809893"
  },
  "results": {
    "gl-pt": 57.3365920317967,
    "ru-uk": 48.721907575916376,
    "pt-ro": 53.408075709476456,
    "gl-it": 51.35232092956594,
    "en-de": 59.469232688489605,
    "ko-ja": 20.073467130986426,
    "ja-zh": 15.270953411510252,
    "ko-zh": 16.932736866986748,
    "en-fr": 66.89843628558751,
    "en-es": 52.67641344189163,
    "en-ru": 52.487364925609725,
    "en-ko": 31.976156148268643,
    "en-ja": 23.651160607434775,
    "en-zh": 19.881646739855675,
    "en-ar": 51.60417486221564
  }
}