{
  "metadata": {
    "stage": "baseline",
    "metric": "bertscore",
    "model": "facebook/nllb-200-distilled-600M",
    "computed_at": "2025-12-08T09:05:38.810064"
  },
  "results": {
    "gl-pt": 0.8902032971382141,
    "ru-uk": 0.8591096997261047,
    "pt-ro": 0.8631864190101624,
    "gl-it": 0.864766001701355,
    "en-de": 0.8881127834320068,
    "ko-ja": 0.8121027946472168,
    "ja-zh": 0.8195930123329163,
    "ko-zh": 0.826362669467926,
    "en-fr": 0.9143611192703247,
    "en-es": 0.8778921961784363,
    "en-ru": 0.8712129592895508,
    "en-ko": 0.849746584892273,
    "en-ja": 0.827728271484375,
    "en-zh": 0.8433063626289368,
    "en-ar": 0.8662904500961304
  }
}