{
  "metadata": {
    "stage": "baseline",
    "metric": "bleu",
    "model": "facebook/nllb-200-distilled-600M",
    "computed_at": "2025-12-08T09:05:38.809740"
  },
  "results": {
    "gl-pt": 33.143594003276206,
    "ru-uk": 22.204994046729997,
    "pt-ro": 28.525711965162717,
    "gl-it": 23.97621077879246,
    "en-de": 34.62615478239155,
    "ko-ja": 0.18502152478150863,
    "ja-zh": 0.4276518319389901,
    "ko-zh": 1.1810639517417936,
    "en-fr": 47.11431392459739,
    "en-es": 26.68347247682157,
    "en-ru": 27.689647900010762,
    "en-ko": 11.502256420848243,
    "en-ja": 0.32043644220056944,
    "en-zh": 1.349659933329547,
    "en-ar": 23.274338907523067
  }
}