{
  "metadata": {
    "stage": "baseline",
    "metric": "bertscore",
    "model": "facebook/mbart-large-50-many-to-many-mmt",
    "computed_at": "2025-12-04T18:07:24.011639"
  },
  "results": {
    "es-fr": 0.8053329586982727,
    "de-en": 0.9117714762687683,
    "ko-ja": 0.7725628614425659,
    "ja-zh": 0.7462322115898132,
    "ko-zh": 0.7396111488342285,
    "en-ko": 0.8370709419250488,
    "en-ja": 0.8427707552909851,
    "en-zh": 0.8668766617774963,
    "en-fr": 0.9035159945487976,
    "en-es": 0.8505145907402039,
    "en-ar": 0.8419732451438904,
    "ar-zh": 0.7487965822219849
  }
}