{
  "metadata": {
    "stage": "baseline",
    "metric": "bleu",
    "model": "facebook/mbart-large-50-many-to-many-mmt",
    "computed_at": "2025-12-04T18:07:24.011397"
  },
  "results": {
    "es-fr": 13.495297095213212,
    "de-en": 40.346207464421965,
    "ko-ja": 0.0681417642971402,
    "ja-zh": 0.287122894532519,
    "ko-zh": 0.24685673440381317,
    "en-ko": 9.391111528296786,
    "en-ja": 3.666942998841535,
    "en-zh": 2.242084389175646,
    "en-fr": 41.924595007906944,
    "en-es": 20.5383725461153,
    "en-ar": 15.77214451928973,
    "ar-zh": 0.16035305989782492
  }
}