{
  "metadata": {
    "stage": "finetuned",
    "metric": "comet",
    "model": "facebook/nllb-200-distilled-600M",
    "computed_at": "2025-12-08T10:34:46.644684"
  },
  "results": {
    "gl-pt": 0.8696966302606899,
    "ru-uk": 0.9073090731744239,
    "pt-ro": 0.870608747299952,
    "gl-it": 0.8529398156543494,
    "en-de": 0.8509874140674417,
    "ko-ja": 0.8513925361774656,
    "ja-zh": 0.8138033815700075,
    "ko-zh": 0.7991540261466984,
    "en-fr": 0.8495487875853602,
    "en-es": 0.8509337423229406,
    "en-ru": 0.8593320426026823,
    "en-ko": 0.766174315463884,
    "en-ja": 0.300939027352531,
    "en-zh": 0.8075831698275837,
    "en-ar": 0.8265671331597411
  }
}