{
  "metadata": {
    "stage": "finetuned",
    "metric": "bertscore",
    "model": "facebook/nllb-200-distilled-600M",
    "computed_at": "2025-12-08T09:28:38.083864"
  },
  "results": {
    "gl-pt": 0.8867236971855164,
    "ru-uk": 0.8605534434318542,
    "pt-ro": 0.8714321255683899,
    "gl-it": 0.8617466688156128,
    "en-de": 0.888421356678009,
    "ko-ja": 0.8269935250282288,
    "ja-zh": 0.8304511904716492,
    "ko-zh": 0.833047091960907,
    "en-fr": 0.9034098386764526,
    "en-es": 0.8769972920417786,
    "en-ru": 0.8712499141693115,
    "en-ko": 0.8205140829086304,
    "en-ja": 0.5582311153411865,
    "en-zh": 0.8559327721595764,
    "en-ar": 0.861856997013092
  }
}