{
  "metadata": {
    "stage": "finetuned",
    "metric": "bleu",
    "computed_at": "2025-12-03T08:42:54.288554"
  },
  "results": {
    "es-fr": 18.833730419435536,
    "de-en": 35.19382453559868,
    "ko-ja": 0.40106276052376416,
    "ja-zh": 0.34419073247477006,
    "ko-zh": 0.5977185949205684,
    "en-ko": 5.2466045829424095,
    "en-ja": 0.4352543465094833,
    "en-zh": 1.1359475722733754,
    "en-fr": 38.35480342970934,
    "en-es": 20.77690162231924,
    "en-ar": 13.459226964804312,
    "ar-zh": 0.6054820382241325
  }
}