{
  "metadata": {
    "stage": "finetuned",
    "metric": "comet",
    "model": "facebook/mbart-large-50-many-to-many-mmt",
    "computed_at": "2025-12-04T18:21:26.477702"
  },
  "results": {
    "es-fr": 0.743096608109036,
    "de-en": 0.8639850651204821,
    "ko-ja": 0.7635981845466987,
    "ja-zh": 0.7270260873460487,
    "ko-zh": 0.6356371968189483,
    "en-ko": 0.7907568372992188,
    "en-ja": 0.8394204232797556,
    "en-zh": 0.8166022036857756,
    "en-fr": 0.8370060584114003,
    "en-es": 0.8192483055085061,
    "en-ar": 0.7811975170353891,
    "ar-zh": 0.7116535436288406
  }
}