{
  "metadata": {
    "stage": "finetuned",
    "metric": "comet",
    "computed_at": "2025-12-03T08:42:54.288683"
  },
  "results": {
    "es-fr": 0.33917392944372277,
    "de-en": 0.6497529534891748,
    "ko-ja": 0.003336069792538528,
    "ja-zh": 0.04782403521460624,
    "ko-zh": -0.2857991603862038,
    "en-ko": 0.2052247903582165,
    "en-ja": 0.40729431554365886,
    "en-zh": 0.4026412692071922,
    "en-fr": 0.6353026356128424,
    "en-es": 0.5181979777414735,
    "en-ar": 0.2875256073438441,
    "ar-zh": -0.0013076578305570386
  }
}