{
  "metadata": {
    "stage": "finetuned",
    "metric": "chrf",
    "model": "facebook/nllb-200-distilled-600M",
    "computed_at": "2025-12-08T09:28:38.083584"
  },
  "results": {
    "gl-pt": 56.67420841838937,
    "ru-uk": 49.43747096330976,
    "pt-ro": 55.38764691276641,
    "gl-it": 50.97820351520359,
    "en-de": 60.42932660996638,
    "ko-ja": 22.63570426282278,
    "ja-zh": 15.985339306753819,
    "ko-zh": 16.782402054897283,
    "en-fr": 66.81238072130363,
    "en-es": 52.72605466970282,
    "en-ru": 52.662309323471824,
    "en-ko": 26.546260551751143,
    "en-ja": 2.5651872357740158,
    "en-zh": 21.485379751067217,
    "en-ar": 49.65687967980405
  }
}