{
  "metadata": {
    "stage": "finetuned",
    "metric": "bleu",
    "model": "facebook/mbart-large-50-many-to-many-mmt",
    "computed_at": "2025-12-04T07:38:18.249812"
  },
  "results": {
    "es-fr": 17.654209122612755,
    "de-en": 35.867024131861754,
    "ko-ja": 0.2642452848812289,
    "ja-zh": 0.2741193510974161,
    "ko-zh": 0.09586235163485438,
    "en-ko": 5.128955145292247,
    "en-ja": 0.755465798816394,
    "en-zh": 1.3537313894625633,
    "en-fr": 37.49992009821351,
    "en-es": 21.373514930193842,
    "en-ar": 12.77941994634555,
    "ar-zh": 0.3256830846570433
  }
}