{
  "metadata": {
    "stage": "finetuned",
    "metric": "bertscore",
    "model": "facebook/mbart-large-50-many-to-many-mmt",
    "computed_at": "2025-12-04T07:38:18.250066"
  },
  "results": {
    "es-fr": 0.8336367607116699,
    "de-en": 0.9004753232002258,
    "ko-ja": 0.7761595845222473,
    "ja-zh": 0.7821521162986755,
    "ko-zh": 0.7359715700149536,
    "en-ko": 0.8001846671104431,
    "en-ja": 0.8107309341430664,
    "en-zh": 0.8463379740715027,
    "en-fr": 0.8943615555763245,
    "en-es": 0.8630746603012085,
    "en-ar": 0.8239157199859619,
    "ar-zh": 0.8003659248352051
  }
}