{
  "metadata": {
    "stage": "finetuned",
    "metric": "bleu",
    "model": "facebook/nllb-200-distilled-600M",
    "computed_at": "2025-12-08T09:28:38.076485"
  },
  "results": {
    "gl-pt": 31.532797289572443,
    "ru-uk": 22.11532513958728,
    "pt-ro": 30.867141611142024,
    "gl-it": 23.059249383703857,
    "en-de": 35.16564318244894,
    "ko-ja": 1.1335990320096716,
    "ja-zh": 0.9057275193782333,
    "ko-zh": 1.6890909240841216,
    "en-fr": 45.7614942714607,
    "en-es": 26.401315462537745,
    "en-ru": 27.036286093292315,
    "en-ko": 7.282122177110112,
    "en-ja": 0.0063442938453908025,
    "en-zh": 1.09433317692947,
    "en-ar": 20.705396435125465
  }
}